year,avg cost,sum cost,avg duration
2004,1200,1200,5.0000000000000000
2005,950,4750,4.4000000000000000
2024,533.3333333333334,1600,3.6666666666666667
2026,1200,1200,5.0000000000000000
