Title,Type,Cost,Avg
Проект1,Технология,1200,1112.5
Проект3,Технология,950,1112.5
Проект6,Технология,1100,1112.5
Проект Ы,Технология,1200,1112.5
Проект А,НИР,200,666.6666666666666
Проект2,НИР,800,666.6666666666666
Проект4,НИР,1000,666.6666666666666
Проект5,ОКР,900,900
Проект Ы,,1200,700
Проект А,,200,700
