Title,Cost,Type Id,Type Avg
Проект1,1200,1,1112.5
Проект2,800,2,666.6666666666666
Проект4,1000,2,666.6666666666666
Проект Ы,1200,1,1112.5
