title,family_name,age,avg
Проект3,Сидорова,41,33.3333333333333333
Проект5,Сидорова,41,33.3333333333333333
